{
  "model_path": "pie/models/rf_ma_rong_pie.joblib",
  "n_estimators": 320,
  "train_metrics": {
    "accuracy": 1.0,
    "precision": 1.0,
    "recall": 1.0,
    "f1": 1.0,
    "confusion_matrix": [
      [
        134,
        0
      ],
      [
        0,
        819
      ]
    ],
    "TP": 819,
    "FN": 0,
    "FP": 0,
    "TN": 134,
    "num_samples": 953,
    "positive_rate": 0.8593913955928646,
    "false_positive_rate": 0.0,
    "false_negative_rate": 0.0,
    "pr_auc": 1.0,
    "roc_auc": 0.9999999999999999,
    "auc": 0.9999999999999999
  },
  "test_metrics": {
    "accuracy": 0.9486607142857143,
    "precision": 0.9432098765432099,
    "recall": 1.0,
    "f1": 0.9707750952986023,
    "confusion_matrix": [
      [
        43,
        23
      ],
      [
        0,
        382
      ]
    ],
    "TP": 382,
    "FN": 0,
    "FP": 23,
    "TN": 43,
    "num_samples": 448,
    "positive_rate": 0.8526785714285714,
    "false_positive_rate": 0.3484848484848485,
    "false_negative_rate": 0.0,
    "pr_auc": 0.9970783190749593,
    "roc_auc": 0.9831826114548627,
    "auc": 0.9831826114548627
  },
  "split_summary": {
    "num_train_samples": 953,
    "num_test_samples": 448,
    "num_train_groups": 38,
    "num_test_groups": 17,
    "train_positive_rate": 0.8593913955928646,
    "test_positive_rate": 0.8526785714285714,
    "group_leakage": false,
    "leaked_groups": []
  },
  "tune_result": null
}